{
  "0": [
    0.12156862745098039,
    0.4666666666666667,
    0.7058823529411765
  ],
  "1": [
    0.6823529411764706,
    0.7803921568627451,
    0.9098039215686274
  ],
  "2": [
    1.0,
    0.4980392156862745,
    0.054901960784313725
  ],
  "3": [
    1.0,
    0.7333333333333333,
    0.47058823529411764
  ],
  "4": [
    0.17254901960784313,
    0.6274509803921569,
    0.17254901960784313
  ],
  "5": [
    0.596078431372549,
    0.8745098039215686,
    0.5411764705882353
  ],
  "6": [
    0.8392156862745098,
    0.15294117647058825,
    0.1568627450980392
  ],
  "7": [
    1.0,
    0.596078431372549,
    0.5882352941176471
  ],
  "8": [
    0.5803921568627451,
    0.403921568627451,
    0.7411764705882353
  ],
  "9": [
    0.7725490196078432,
    0.6901960784313725,
    0.8352941176470589
  ],
  "10": [
    0.5490196078431373,
    0.33725490196078434,
    0.29411764705882354
  ],
  "11": [
    0.7686274509803922,
    0.611764705882353,
    0.5803921568627451
  ],
  "12": [
    0.8901960784313725,
    0.4666666666666667,
    0.7607843137254902
  ],
  "13": [
    0.9686274509803922,
    0.7137254901960784,
    0.8235294117647058
  ],
  "14": [
    0.4980392156862745,
    0.4980392156862745,
    0.4980392156862745
  ],
  "15": [
    0.7803921568627451,
    0.7803921568627451,
    0.7803921568627451
  ],
  "16": [
    0.7372549019607844,
    0.7411764705882353,
    0.13333333333333333
  ],
  "17": [
    0.8588235294117647,
    0.8588235294117647,
    0.5529411764705883
  ],
  "18": [
    0.09019607843137255,
    0.7450980392156863,
    0.8117647058823529
  ],
  "19": [
    0.6196078431372549,
    0.8549019607843137,
    0.8980392156862745
  ],
  "20": [
    0.18999999999999995,
    0.95,
    0.3146997740000057
  ],
  "21": [
    0.95,
    0.18999999999999995,
    0.2870652372999956
  ],
  "22": [
    0.18999999999999995,
    0.5088302485999968,
    0.95
  ],
  "23": [
    0.7305952598999983,
    0.95,
    0.18999999999999995
  ],
  "24": [
    0.9476397288000004,
    0.18999999999999995,
    0.95
  ],
  "25": [
    0.18999999999999995,
    0.95,
    0.7258747175000071
  ],
  "26": [
    0.95,
    0.5041097061999977,
    0.18999999999999995
  ],
  "27": [
    0.28234469490001257,
    0.18999999999999995,
    0.95
  ],
  "28": [
    0.31942031639998875,
    0.95,
    0.18999999999999995
  ],
  "29": [
    0.95,
    0.18999999999999995,
    0.54118532769999
  ],
  "30": [
    0.18999999999999995,
    0.7629503389999914,
    0.95
  ],
  "31": [
    0.95,
    0.9152846497000072,
    0.18999999999999995
  ],
  "32": [
    0.6935196384000059,
    0.18999999999999995,
    0.95
  ],
  "33": [
    0.18999999999999995,
    0.95,
    0.4717546271000046
  ],
  "34": [
    0.95,
    0.2499896158000032,
    0.18999999999999995
  ],
  "35": [
    0.18999999999999995,
    0.351775395499998,
    0.95
  ],
  "36": [
    0.5735404067999994,
    0.95,
    0.18999999999999995
  ],
  "37": [
    0.95,
    0.18999999999999995,
    0.7953054181000007
  ],
  "38": [
    0.18999999999999995,
    0.95,
    0.8829295706000141
  ],
  "39": [
    0.95,
    0.6611645593000127,
    0.18999999999999995
  ],
  "40": [
    0.43939954800001146,
    0.18999999999999995,
    0.95
  ],
  "41": [
    0.18999999999999995,
    0.95,
    0.21763453670001007
  ],
  "42": [
    0.95,
    0.18999999999999995,
    0.3841304745999911
  ],
  "43": [
    0.18999999999999995,
    0.6058954858999925,
    0.95
  ],
  "44": [
    0.8276604971999938,
    0.95,
    0.18999999999999995
  ],
  "45": [
    0.8505744915000047,
    0.18999999999999995,
    0.95
  ],
  "46": [
    0.18999999999999995,
    0.95,
    0.6288094802000034
  ],
  "47": [
    0.95,
    0.40704446890000207,
    0.18999999999999995
  ],
  "48": [
    0.18999999999999995,
    0.1947205423999991,
    0.95
  ],
  "49": [
    0.41648555369998425,
    0.95,
    0.18999999999999995
  ],
  "50": [
    0.95,
    0.18999999999999995,
    0.6382505649999857
  ],
  "51": [
    0.18999999999999995,
    0.8600155762999869,
    0.95
  ],
  "52": [
    0.95,
    0.8182194123999955,
    0.18999999999999995
  ],
  "53": [
    0.596454401099994,
    0.18999999999999995,
    0.95
  ],
  "54": [
    0.18999999999999995,
    0.95,
    0.3746893898000252
  ],
  "55": [
    0.95,
    0.18999999999999995,
    0.2270756214999761
  ],
  "56": [
    0.18999999999999995,
    0.4488406327999774,
    0.95
  ],
  "57": [
    0.6706056440999788,
    0.95,
    0.18999999999999995
  ],
  "58": [
    0.95,
    0.18999999999999995,
    0.8923706553999801
  ],
  "59": [
    0.18999999999999995,
    0.95,
    0.7858643333000185
  ],
  "60": [
    0.95,
    0.5640993220000171,
    0.18999999999999995
  ],
  "61": [
    0.3423343107000158,
    0.18999999999999995,
    0.95
  ],
  "62": [
    0.25943070059998535,
    0.95,
    0.18999999999999995
  ],
  "63": [
    0.95,
    0.18999999999999995,
    0.4811957118999868
  ],
  "64": [
    0.18999999999999995,
    0.7029607231999881,
    0.95
  ],
  "65": [
    0.9247257344999894,
    0.95,
    0.18999999999999995
  ],
  "66": [
    0.7535092542000092,
    0.18999999999999995,
    0.95
  ],
  "67": [
    0.18999999999999995,
    0.95,
    0.5317442429000078
  ],
  "68": [
    0.95,
    0.30997923160000646,
    0.18999999999999995
  ],
  "69": [
    0.18999999999999995,
    0.29178577969999475,
    0.95
  ],
  "70": [
    0.513550790999996,
    0.95,
    0.18999999999999995
  ],
  "71": [
    0.95,
    0.18999999999999995,
    0.7353158022999974
  ],
  "72": [
    0.18999999999999995,
    0.95,
    0.9429191864000012
  ],
  "73": [
    0.95,
    0.7211541750999998,
    0.18999999999999995
  ],
  "74": [
    0.49938916379999854,
    0.18999999999999995,
    0.95
  ],
  "75": [
    0.18999999999999995,
    0.95,
    0.27762415250002953
  ],
  "76": [
    0.95,
    0.18999999999999995,
    0.3241408587999716
  ],
  "77": [
    0.18999999999999995,
    0.545905870099973,
    0.95
  ],
  "78": [
    0.7676708813999744,
    0.95,
    0.18999999999999995
  ],
  "79": [
    0.9105641073000242,
    0.18999999999999995,
    0.95
  ],
  "80": [
    0.18999999999999995,
    0.95,
    0.688799096000023
  ],
  "81": [
    0.95,
    0.46703408470002156,
    0.18999999999999995
  ],
  "82": [
    0.24526907340002016,
    0.18999999999999995,
    0.95
  ],
  "83": [
    0.356495937899981,
    0.95,
    0.18999999999999995
  ],
  "84": [
    0.95,
    0.18999999999999995,
    0.5782609491999823
  ],
  "85": [
    0.18999999999999995,
    0.8000259604999836,
    0.95
  ],
  "86": [
    0.95,
    0.8782090282000149,
    0.18999999999999995
  ],
  "87": [
    0.6564440169000135,
    0.18999999999999995,
    0.95
  ],
  "88": [
    0.18999999999999995,
    0.95,
    0.43467900560001216
  ],
  "89": [
    0.95,
    0.2129139943000109,
    0.18999999999999995
  ],
  "90": [
    0.18999999999999995,
    0.38885101699999036,
    0.95
  ],
  "91": [
    0.6106160282999916,
    0.95,
    0.18999999999999995
  ],
  "92": [
    0.95,
    0.18999999999999995,
    0.8323810395999931
  ],
  "93": [
    0.18999999999999995,
    0.95,
    0.8458539491000056
  ],
  "94": [
    0.95,
    0.6240889378000042,
    0.18999999999999995
  ],
  "95": [
    0.4023239265000029,
    0.18999999999999995,
    0.95
  ],
  "96": [
    0.19944108479999836,
    0.95,
    0.18999999999999995
  ],
  "97": [
    0.95,
    0.18999999999999995,
    0.4212060960999673
  ],
  "98": [
    0.18999999999999995,
    0.6429711073999685,
    0.95
  ],
  "99": [
    0.8647361186999699,
    0.95,
    0.18999999999999995
  ],
  "100": [
    0.8134988700000286,
    0.18999999999999995,
    0.95
  ],
  "101": [
    0.18999999999999995,
    0.95,
    0.5917338587000273
  ],
  "102": [
    0.95,
    0.3699688474000259,
    0.18999999999999995
  ],
  "-9999": [
    0.75,
    0.75,
    0.75
  ]
}