{
    "1": {
        "params": {
            "min_depth": 0.1,
            "min_size_denoising_after_projection": 5,
            "threshold_pixelSize": 5,
            "threshold_semSim": 0.85,
            "threshold_bbox": 0.4,
            "threshold_semSim_post": 0.8,
            "threshold_geoSim_post": 0.4,
            "threshold_pixelSize_post": 5
        },
        "results": [
            {
                "scene_id": "apartment_0_1",
                "pacc": 0.4407738033594996,
                "mpacc": 0.2937555969486021,
                "miou": 0.19263518085600687,
                "fwmiou": 0.324704582772175,
                "top_k_auc": 0.8280051504042308,
                "top_k_auc_mpacc": 0.7066159110308624,
                "top_k_auc_fwmpacc": 0.8280051504042308,
                "hovsg_pacc": 0.4407738033594996,
                "hovsg_mpacc": 0.293755596948602,
                "hovsg_miou": 0.19263518085600687,
                "hovsg_fwmiou": 0.32470458277217495,
                "num_embeddings": 180
            }
        ]
    },
    "2": {
        "params": {
            "min_depth": 0.1,
            "min_size_denoising_after_projection": 5,
            "threshold_pixelSize": 5,
            "threshold_semSim": 0.85,
            "threshold_bbox": 0.4,
            "threshold_semSim_post": 0.8,
            "threshold_geoSim_post": 0.6,
            "threshold_pixelSize_post": 5
        },
        "results": [
            {
                "scene_id": "apartment_0_1",
                "pacc": 0.4570120751434312,
                "mpacc": 0.29659203601406425,
                "miou": 0.1958335195287507,
                "fwmiou": 0.34059465009618506,
                "top_k_auc": 0.8282319680010527,
                "top_k_auc_mpacc": 0.7079605237680686,
                "top_k_auc_fwmpacc": 0.8282319680010527,
                "hovsg_pacc": 0.4570120751434312,
                "hovsg_mpacc": 0.2965920360140642,
                "hovsg_miou": 0.19583351952875067,
                "hovsg_fwmiou": 0.340594650096185,
                "num_embeddings": 193
            }
        ]
    },
    "3": {
        "params": {
            "min_depth": 0.1,
            "min_size_denoising_after_projection": 5,
            "threshold_pixelSize": 5,
            "threshold_semSim": 0.85,
            "threshold_bbox": 0.6,
            "threshold_semSim_post": 0.8,
            "threshold_geoSim_post": 0.4,
            "threshold_pixelSize_post": 5
        },
        "results": [
            {
                "scene_id": "apartment_0_1",
                "pacc": 0.42900934114869205,
                "mpacc": 0.273501211642129,
                "miou": 0.1807712430089099,
                "fwmiou": 0.32489849452707953,
                "top_k_auc": 0.8279407805043271,
                "top_k_auc_mpacc": 0.7071072050576186,
                "top_k_auc_fwmpacc": 0.8279407805043271,
                "hovsg_pacc": 0.42900934114869205,
                "hovsg_mpacc": 0.273501211642129,
                "hovsg_miou": 0.1807712430089099,
                "hovsg_fwmiou": 0.32489849452707953,
                "num_embeddings": 185
            }
        ]
    },
    "4": {
        "params": {
            "min_depth": 0.1,
            "min_size_denoising_after_projection": 5,
            "threshold_pixelSize": 5,
            "threshold_semSim": 0.85,
            "threshold_bbox": 0.6,
            "threshold_semSim_post": 0.8,
            "threshold_geoSim_post": 0.6,
            "threshold_pixelSize_post": 5
        },
        "results": [
            {
                "scene_id": "apartment_0_1",
                "pacc": 0.4289057807419068,
                "mpacc": 0.27341492107969456,
                "miou": 0.18026571998084998,
                "fwmiou": 0.324773125835154,
                "top_k_auc": 0.8281418095292631,
                "top_k_auc_mpacc": 0.7084776141560413,
                "top_k_auc_fwmpacc": 0.8281418095292631,
                "hovsg_pacc": 0.4289057807419068,
                "hovsg_mpacc": 0.27341492107969445,
                "hovsg_miou": 0.18026571998084998,
                "hovsg_fwmiou": 0.32477312583515405,
                "num_embeddings": 199
            }
        ]
    }
}