{
    "1": {
        "params": {
            "min_depth": 0.1,
            "min_size_denoising_after_projection": 5,
            "threshold_pixelSize": 5,
            "threshold_semSim": 0.8,
            "threshold_bbox": 0.6,
            "threshold_semSim_post": 0.8,
            "threshold_geoSim_post": 0.2,
            "threshold_pixelSize_post": 25
        },
        "results": [
            {
                "scene_id": "apartment_0_1",
                "pacc": 0.4956815310370539,
                "mpacc": 0.3188193602924162,
                "miou": 0.2137319550804822,
                "fwmiou": 0.3740851611083689,
                "top_k_auc": 0.827433131451458,
                "top_k_auc_mpacc": 0.7059924136829332,
                "top_k_auc_fwmpacc": 0.827433131451458,
                "hovsg_pacc": 0.4956815310370539,
                "hovsg_mpacc": 0.3188193602924162,
                "hovsg_miou": 0.2137319550804822,
                "hovsg_fwmiou": 0.374085161108369,
                "num_embeddings": 100
            }
        ]
    },
    "2": {
        "params": {
            "min_depth": 0.1,
            "min_size_denoising_after_projection": 5,
            "threshold_pixelSize": 5,
            "threshold_semSim": 0.8,
            "threshold_bbox": 0.6,
            "threshold_semSim_post": 0.8,
            "threshold_geoSim_post": 0.4,
            "threshold_pixelSize_post": 25
        },
        "results": [
            {
                "scene_id": "apartment_0_1",
                "pacc": 0.49137341811478635,
                "mpacc": 0.3187023789912327,
                "miou": 0.2140760154893168,
                "fwmiou": 0.37030889309872167,
                "top_k_auc": 0.8276357849533633,
                "top_k_auc_mpacc": 0.7064781758356854,
                "top_k_auc_fwmpacc": 0.8276357849533633,
                "hovsg_pacc": 0.49137341811478635,
                "hovsg_mpacc": 0.3187023789912327,
                "hovsg_miou": 0.2140760154893168,
                "hovsg_fwmiou": 0.37030889309872167,
                "num_embeddings": 108
            }
        ]
    },
    "3": {
        "params": {
            "min_depth": 0.1,
            "min_size_denoising_after_projection": 5,
            "threshold_pixelSize": 5,
            "threshold_semSim": 0.8,
            "threshold_bbox": 0.6,
            "threshold_semSim_post": 0.8,
            "threshold_geoSim_post": 0.6,
            "threshold_pixelSize_post": 25
        },
        "results": [
            {
                "scene_id": "apartment_0_1",
                "pacc": 0.4777448685818438,
                "mpacc": 0.300186221975401,
                "miou": 0.19633334365068653,
                "fwmiou": 0.3601235392568759,
                "top_k_auc": 0.8277689920648361,
                "top_k_auc_mpacc": 0.7087254913042006,
                "top_k_auc_fwmpacc": 0.8277689920648361,
                "hovsg_pacc": 0.4777448685818438,
                "hovsg_mpacc": 0.300186221975401,
                "hovsg_miou": 0.19633334365068655,
                "hovsg_fwmiou": 0.36012353925687596,
                "num_embeddings": 120
            }
        ]
    }
}