{
    "1": {
        "params": {
            "min_depth": 0.1,
            "min_size_denoising_after_projection": 5,
            "threshold_pixelSize": 5,
            "threshold_semSim": 0.85,
            "threshold_bbox": 0.4,
            "threshold_semSim_post": 0.8,
            "threshold_geoSim_post": 0.4,
            "threshold_pixelSize_post": 25
        },
        "results": [
            {
                "scene_id": "apartment_0_1",
                "pacc": 0.44187154367142356,
                "mpacc": 0.2936536380267364,
                "miou": 0.2033890086022634,
                "fwmiou": 0.3246661737609516,
                "top_k_auc": 0.8275001411264367,
                "top_k_auc_mpacc": 0.7045116580419437,
                "top_k_auc_fwmpacc": 0.8275001411264367,
                "hovsg_pacc": 0.44187154367142356,
                "hovsg_mpacc": 0.2936536380267364,
                "hovsg_miou": 0.2033890086022634,
                "hovsg_fwmiou": 0.32466617376095164,
                "num_embeddings": 107
            }
        ]
    },
    "2": {
        "params": {
            "min_depth": 0.1,
            "min_size_denoising_after_projection": 5,
            "threshold_pixelSize": 5,
            "threshold_semSim": 0.85,
            "threshold_bbox": 0.4,
            "threshold_semSim_post": 0.8,
            "threshold_geoSim_post": 0.6,
            "threshold_pixelSize_post": 25
        },
        "results": [
            {
                "scene_id": "apartment_0_1",
                "pacc": 0.4582133758621404,
                "mpacc": 0.2965505391869655,
                "miou": 0.20658792282000946,
                "fwmiou": 0.3406334736344574,
                "top_k_auc": 0.8276583245713107,
                "top_k_auc_mpacc": 0.7059901568055729,
                "top_k_auc_fwmpacc": 0.8276583245713107,
                "hovsg_pacc": 0.4582133758621404,
                "hovsg_mpacc": 0.2965505391869655,
                "hovsg_miou": 0.20658792282000946,
                "hovsg_fwmiou": 0.34063347363445745,
                "num_embeddings": 119
            }
        ]
    },
    "3": {
        "params": {
            "min_depth": 0.1,
            "min_size_denoising_after_projection": 5,
            "threshold_pixelSize": 5,
            "threshold_semSim": 0.85,
            "threshold_bbox": 0.6,
            "threshold_semSim_post": 0.8,
            "threshold_geoSim_post": 0.4,
            "threshold_pixelSize_post": 25
        },
        "results": [
            {
                "scene_id": "apartment_0_1",
                "pacc": 0.4295271431826184,
                "mpacc": 0.27432851020571486,
                "miou": 0.19239126638256354,
                "fwmiou": 0.32621138736772304,
                "top_k_auc": 0.8271957547543365,
                "top_k_auc_mpacc": 0.7042241118551701,
                "top_k_auc_fwmpacc": 0.8271957547543365,
                "hovsg_pacc": 0.4295271431826184,
                "hovsg_mpacc": 0.27432851020571486,
                "hovsg_miou": 0.19239126638256354,
                "hovsg_fwmiou": 0.3262113873677231,
                "num_embeddings": 108
            }
        ]
    },
    "4": {
        "params": {
            "min_depth": 0.1,
            "min_size_denoising_after_projection": 5,
            "threshold_pixelSize": 5,
            "threshold_semSim": 0.85,
            "threshold_bbox": 0.6,
            "threshold_semSim_post": 0.8,
            "threshold_geoSim_post": 0.6,
            "threshold_pixelSize_post": 25
        },
        "results": [
            {
                "scene_id": "apartment_0_1",
                "pacc": 0.4297756881589031,
                "mpacc": 0.27399162533133004,
                "miou": 0.19283156331523915,
                "fwmiou": 0.32732838872731335,
                "top_k_auc": 0.8276156820508698,
                "top_k_auc_mpacc": 0.7069050835027572,
                "top_k_auc_fwmpacc": 0.8276156820508698,
                "hovsg_pacc": 0.4297756881589031,
                "hovsg_mpacc": 0.27399162533133004,
                "hovsg_miou": 0.19283156331523915,
                "hovsg_fwmiou": 0.32732838872731335,
                "num_embeddings": 121
            }
        ]
    }
}