{
    "1": {
        "params": {
            "min_depth": 0.1,
            "min_size_denoising_after_projection": 5,
            "threshold_pixelSize": 5,
            "threshold_semSim": 0.8,
            "threshold_bbox": 0.6,
            "threshold_semSim_post": 0.8,
            "threshold_geoSim_post": 0.2,
            "threshold_pixelSize_post": 5
        },
        "results": [
            {
                "scene_id": "apartment_0_1",
                "pacc": 0.48238437480582425,
                "mpacc": 0.30122494602406,
                "miou": 0.19380472274123714,
                "fwmiou": 0.36423306618870377,
                "top_k_auc": 0.8278902186586611,
                "top_k_auc_mpacc": 0.7089373724019239,
                "top_k_auc_fwmpacc": 0.8278902186586611,
                "hovsg_pacc": 0.48238437480582425,
                "hovsg_mpacc": 0.3012249460240601,
                "hovsg_miou": 0.1938047227412371,
                "hovsg_fwmiou": 0.3642330661887037,
                "num_embeddings": 173
            }
        ]
    },
    "2": {
        "params": {
            "min_depth": 0.1,
            "min_size_denoising_after_projection": 5,
            "threshold_pixelSize": 5,
            "threshold_semSim": 0.8,
            "threshold_bbox": 0.6,
            "threshold_semSim_post": 0.8,
            "threshold_geoSim_post": 0.4,
            "threshold_pixelSize_post": 5
        },
        "results": [
            {
                "scene_id": "apartment_0_1",
                "pacc": 0.47836623102255543,
                "mpacc": 0.30146436091012135,
                "miou": 0.1941717647401131,
                "fwmiou": 0.3605555827438026,
                "top_k_auc": 0.828118051553589,
                "top_k_auc_mpacc": 0.7093927538237562,
                "top_k_auc_fwmpacc": 0.828118051553589,
                "hovsg_pacc": 0.47836623102255543,
                "hovsg_mpacc": 0.30146436091012135,
                "hovsg_miou": 0.19417176474011313,
                "hovsg_fwmiou": 0.36055558274380267,
                "num_embeddings": 186
            }
        ]
    },
    "3": {
        "params": {
            "min_depth": 0.1,
            "min_size_denoising_after_projection": 5,
            "threshold_pixelSize": 5,
            "threshold_semSim": 0.8,
            "threshold_bbox": 0.6,
            "threshold_semSim_post": 0.8,
            "threshold_geoSim_post": 0.6,
            "threshold_pixelSize_post": 5
        },
        "results": [
            {
                "scene_id": "apartment_0_1",
                "pacc": 0.47840765518526956,
                "mpacc": 0.3014665915505108,
                "miou": 0.19425845373350925,
                "fwmiou": 0.36058943435370355,
                "top_k_auc": 0.8284200012102354,
                "top_k_auc_mpacc": 0.7117561485497972,
                "top_k_auc_fwmpacc": 0.8284200012102354,
                "hovsg_pacc": 0.47840765518526956,
                "hovsg_mpacc": 0.3014665915505108,
                "hovsg_miou": 0.19425845373350925,
                "hovsg_fwmiou": 0.3605894343537036,
                "num_embeddings": 203
            }
        ]
    }
}